ID_Usuario,Nombre,Edad,Genero,Ciudad,ID_Venta,ID_Usuario,Producto,Cantidad, Precio_Unitario 
1,Juan García,60,F,Ciudad C,1,42,Producto C,3, $39.000 
2,María Martínez,42,F,Ciudad C,2,503,Producto B,4, $20.000 
3,Carlos Rodríguez,58,M,Ciudad C,3,246,Producto C,4, $21.000 
4,Ana López,30,F,Ciudad B,4,272,Producto C,1, $89.000 
5,José Pérez,42,M,Ciudad A,5,445,Producto C,3, $34.000 
6,Laura Sánchez,60,M,Ciudad B,6,111,Producto A,2, $88.000 
7,David González,47,M,Ciudad B,7,108,Producto B,4, $94.000 
8,Carmen Gómez,53,F,Ciudad A,8,621,Producto B,3, $59.000 
9,Alejandro Fernández,41,M,Ciudad C,9,890,Producto B,3, $40.000 
10,Paula Díaz,30,F,Ciudad C,10,329,Producto A,6, $18.000 
11,Daniel Ruiz,24,F,Ciudad A,11,821,Producto B,5, $81.000 
12,Patricia Torres,47,M,Ciudad C,12,208,Producto B,7, $73.000 
13,Manuel Ortiz,57,F,Ciudad A,13,68,Producto B,8, $36.000 
14,Marta Morales,46,F,Ciudad C,14,325,Producto C,3, $11.000 
15,Sergio Rubio,32,M,Ciudad A,15,149,Producto B,1, $28.000 
16,Raquel Ramírez,53,M,Ciudad C,16,255,Producto C,6, $93.000 
17,Jorge Jiménez,41,M,Ciudad A,17,368,Producto C,9, $92.000 
18,Elena Vázquez,63,F,Ciudad B,18,518,Producto C,4, $69.000 
19,Fernando Ramos,43,F,Ciudad A,19,869,Producto C,8, $97.000 
20,Sonia Alonso,52,F,Ciudad C,20,981,Producto C,2, $91.000 
21,Pedro Gutiérrez,56,F,Ciudad C,21,605,Producto A,9, $52.000 
22,Beatriz Navarro,60,M,Ciudad C,22,157,Producto C,8, $17.000 
23,Miguel Cruz,24,F,Ciudad A,23,493,Producto A,9, $80.000 
24,Silvia Herrera,30,M,Ciudad C,24,542,Producto C,9, $83.000 
25,Pablo Castro,50,M,Ciudad B,25,821,Producto C,8, $93.000 
26,Andrea Flores,51,F,Ciudad C,26,985,Producto A,9, $64.000 
27,Luis Molina,53,F,Ciudad A,27,318,Producto C,1, $49.000 
28,Nuria Delgado,27,M,Ciudad A,28,413,Producto A,3, $90.000 
29,Ángel Ortega,38,M,Ciudad B,29,236,Producto C,7, $33.000 
30,Cristina Marín,40,M,Ciudad C,30,792,Producto C,4, $74.000 
31,Oscar Méndez,52,F,Ciudad B,31,714,Producto B,6, $78.000 
32,Isabel Ibañez,29,M,Ciudad B,32,692,Producto C,5, $78.000 
33,Rubén Santos,46,F,Ciudad C,33,591,Producto A,5, $28.000 
34,Natalia Vega,47,F,Ciudad B,34,397,Producto A,8, $38.000 
35,Javier Rubio,50,M,Ciudad B,35,740,Producto A,4, $95.000 
36,Elena Gallego,52,F,Ciudad A,36,408,Producto A,7, $80.000 
37,Diego Moreno,41,F,Ciudad B,37,973,Producto B,4, $16.000 
38,Lorena Gil,50,F,Ciudad C,38,760,Producto C,6, $60.000 
39,Francisco Herrero,49,M,Ciudad A,39,427,Producto B,4, $81.000 
40,Sara Cordero,55,M,Ciudad A,40,99,Producto A,9, $17.000 
41,Antonio Pascual,24,M,Ciudad C,41,143,Producto B,5, $36.000 
42,Rosa Reyes,20,M,Ciudad B,42,931,Producto B,9, $66.000 
43,Álvaro Cabrera,19,M,Ciudad A,43,559,Producto C,1, $49.000 
44,Marta Montoya,67,M,Ciudad A,44,171,Producto A,2, $77.000 
45,Alberto Hidalgo,38,M,Ciudad A,45,891,Producto B,6, $12.000 
46,Alicia Ferrer,34,M,Ciudad B,46,267,Producto B,5, $57.000 
47,Adrián Durán,28,M,Ciudad C,47,336,Producto B,3, $38.000 
48,Marina Soler,47,F,Ciudad B,48,209,Producto A,2, $49.000 
49,Iván Medina,69,M,Ciudad C,49,914,Producto A,9, $27.000 
50,Lorena Salas,42,F,Ciudad A,50,869,Producto B,9, $52.000 
51,Mario Rivas,65,M,Ciudad B,51,192,Producto C,2, $40.000 
52,Clara Moya,53,M,Ciudad C,52,842,Producto A,1, $19.000 
53,Víctor Solano,32,M,Ciudad B,53,549,Producto A,3, $59.000 
54,Elena Ríos,26,M,Ciudad B,54,509,Producto A,9, $69.000 
55,Rafael Aguilar,25,F,Ciudad C,55,320,Producto A,9, $57.000 
56,Esther Muñoz,36,M,Ciudad B,56,375,Producto B,3, $48.000 
57,Gonzalo Bravo,50,F,Ciudad B,57,199,Producto C,3, $73.000 
58,Andrea Carmona,58,F,Ciudad B,58,954,Producto A,8, $15.000 
59,Samuel Pardo,67,F,Ciudad B,59,974,Producto C,6, $78.000 
60,Laura Cabello,69,F,Ciudad B,60,574,Producto A,4, $88.000 
61,Ángela Mesa,27,M,Ciudad C,61,422,Producto C,2, $33.000 
62,Patricia Benítez,42,M,Ciudad C,62,583,Producto C,3, $14.000 
63,Ricardo Gálvez,19,M,Ciudad A,63,812,Producto B,1, $69.000 
64,Sara Serrano,50,F,Ciudad B,64,979,Producto A,8, $64.000 
65,Rubén Ortega,24,M,Ciudad C,65,323,Producto A,7, $51.000 
66,Ana Vidal,24,M,Ciudad B,66,885,Producto C,8, $65.000 
67,Jorge Reyes,30,F,Ciudad C,67,960,Producto B,6, $30.000 
68,María Soto,23,M,Ciudad C,68,922,Producto B,1, $44.000 
69,Julián Esteban,50,M,Ciudad B,69,984,Producto A,6, $51.000 
70,Marta Luque,55,M,Ciudad A,70,313,Producto A,9, $79.000 
71,Tomás Castro,45,M,Ciudad B,71,991,Producto B,6, $39.000 
72,Laura Moreno,51,F,Ciudad C,72,294,Producto C,2, $25.000 
73,Iván Muñoz,64,F,Ciudad B,73,8,Producto C,8, $37.000 
74,Cristina Delgado,66,M,Ciudad B,74,113,Producto A,9, $34.000 
75,Álex Navarro,20,F,Ciudad B,75,513,Producto B,5, $20.000 
76,Elena Marquez,53,M,Ciudad A,76,479,Producto C,2, $24.000 
77,Javier Bravo,23,M,Ciudad B,77,426,Producto B,1, $67.000 
78,Beatriz Aguilar,45,M,Ciudad B,78,558,Producto C,6, $99.000 
79,Enrique Jiménez,32,F,Ciudad A,79,884,Producto C,7, $50.000 
80,Laura Ramos,38,M,Ciudad A,80,493,Producto B,7, $76.000 
81,Guillermo Pascual,31,F,Ciudad A,81,72,Producto A,1, $54.000 
82,Paula Cortés,21,F,Ciudad A,82,941,Producto B,3, $16.000 
83,Adrián Romero,60,M,Ciudad C,83,987,Producto A,1, $71.000 
84,Isabel Ruiz,28,M,Ciudad B,84,793,Producto B,3, $34.000 
85,Mateo Torres,45,M,Ciudad A,85,465,Producto A,4, $28.000 
86,Marta Delgado,35,M,Ciudad C,86,613,Producto B,3, $90.000 
87,Diego Vicente,29,M,Ciudad A,87,915,Producto C,2, $37.000 
88,Andrea Castro,20,M,Ciudad B,88,957,Producto A,4, $85.000 
89,Sergio Mora,20,M,Ciudad A,89,690,Producto B,8, $68.000 
90,Carmen López,34,M,Ciudad C,90,459,Producto B,5, $38.000 
91,Emilio Medina,38,F,Ciudad B,91,711,Producto A,4, $66.000 
92,Sara Vázquez,63,M,Ciudad C,92,527,Producto C,5, $29.000 
93,Hugo Carrasco,19,F,Ciudad B,93,184,Producto A,7, $73.000 
94,Elena Herrero,27,F,Ciudad C,94,485,Producto B,4, $18.000 
95,Ignacio Calvo,54,M,Ciudad B,95,795,Producto A,1, $32.000 
96,Laura Jiménez,51,M,Ciudad A,96,655,Producto B,8, $44.000 
97,Juan Vargas,21,M,Ciudad B,97,373,Producto A,7, $75.000 
98,Lucía Díaz,52,M,Ciudad A,98,778,Producto A,1, $59.000 
99,Jesús Castro,53,M,Ciudad B,99,17,Producto C,6, $11.000 
100,Clara Marín,34,M,Ciudad A,100,701,Producto C,8, $62.000 
101,Lucía Molina,34,F,Ciudad C,101,386,Producto B,6, $94.000 
102,Paula Rodríguez,20,F,Ciudad A,102,1000,Producto A,2, $96.000 
103,Laura Jiménez,25,F,Ciudad B,103,395,Producto B,8, $84.000 
104,José Fernández,58,M,Ciudad C,104,295,Producto A,2, $93.000 
105,Manuel Torres,59,M,Ciudad B,105,686,Producto C,9, $47.000 
106,Sofía García,24,M,Ciudad C,106,613,Producto B,9, $62.000 
107,Victoria Jiménez,42,F,Ciudad A,107,465,Producto B,4, $56.000 
108,Cristina Martínez,20,F,Ciudad B,108,906,Producto C,2, $63.000 
109,Juan Romero,64,F,Ciudad B,109,412,Producto C,9, $18.000 
110,Fernando González,42,F,Ciudad C,110,529,Producto A,1, $21.000 
111,Andrea Molina,46,M,Ciudad A,111,360,Producto C,2, $17.000 
112,Lucía Martínez,19,M,Ciudad C,112,123,Producto B,1, $81.000 
113,Camila Jiménez,18,M,Ciudad C,113,62,Producto A,6, $45.000 
114,David Santiago,56,M,Ciudad C,114,772,Producto B,7, $35.000 
115,Diego Morales,42,M,Ciudad A,115,566,Producto A,4, $33.000 
116,Camila Morales,66,F,Ciudad C,116,635,Producto C,3, $13.000 
117,Fernando Santiago,29,F,Ciudad B,117,493,Producto C,1, $36.000 
118,Diana García,30,F,Ciudad A,118,770,Producto A,4, $18.000 
119,Pedro Gutiérrez,23,M,Ciudad A,119,740,Producto B,8, $39.000 
120,Fernando Ruiz,21,M,Ciudad C,120,485,Producto B,7, $98.000 
121,Isabela Pérez,67,M,Ciudad A,121,82,Producto C,1, $15.000 
122,Carlos Flores,61,M,Ciudad A,122,750,Producto B,8, $44.000 
123,Carlos Molina,49,M,Ciudad B,123,558,Producto B,4, $11.000 
124,Elena Gutiérrez,51,M,Ciudad C,124,243,Producto C,4, $68.000 
125,Sofía Pérez,65,F,Ciudad B,125,903,Producto A,8, $80.000 
126,María Castro,33,M,Ciudad B,126,332,Producto A,8, $36.000 
127,Manuel Castro,33,M,Ciudad C,127,541,Producto A,9, $69.000 
128,Ana Gómez,59,M,Ciudad C,128,610,Producto B,7, $66.000 
129,Lucía Jiménez,60,M,Ciudad A,129,931,Producto B,9, $44.000 
130,Luis Romero,64,M,Ciudad C,130,427,Producto C,1, $74.000 
131,Elena Aguilar,64,M,Ciudad A,131,524,Producto C,5, $97.000 
132,Laura Martínez,56,M,Ciudad B,132,49,Producto B,1, $41.000 
133,Manuel Vargas,36,M,Ciudad B,133,619,Producto A,3, $41.000 
134,María Montero,50,M,Ciudad B,134,119,Producto A,1, $56.000 
135,Carlos González,57,F,Ciudad A,135,98,Producto B,4, $83.000 
136,Victoria Martínez,60,M,Ciudad A,136,112,Producto B,5, $86.000 
137,Natalia Torres,58,M,Ciudad A,137,318,Producto B,9, $30.000 
138,Diego Rodríguez,24,F,Ciudad B,138,100,Producto B,7, $42.000 
139,Camila Castro,61,M,Ciudad A,139,590,Producto B,7, $67.000 
140,Sofía Gutiérrez,36,M,Ciudad B,140,177,Producto B,9, $58.000 
141,Alejandro Torres,25,F,Ciudad C,141,600,Producto A,8, $78.000 
142,Victoria Vargas,61,M,Ciudad B,142,673,Producto C,8, $24.000 
143,Diego Herrera,29,M,Ciudad C,143,859,Producto B,3, $89.000 
144,Javier Sánchez,36,F,Ciudad B,144,327,Producto A,7, $76.000 
145,Luis Montero,62,M,Ciudad A,145,609,Producto B,7, $41.000 
146,Juan Santiago,54,M,Ciudad C,146,494,Producto A,3, $57.000 
147,Isabela López,27,M,Ciudad B,147,518,Producto C,2, $63.000 
148,Elena Romero,24,F,Ciudad C,148,66,Producto C,4, $82.000 
149,Fernando Delgado,61,M,Ciudad B,149,565,Producto A,3, $11.000 
150,Cristina Jiménez,53,F,Ciudad A,150,514,Producto B,2, $41.000 
151,Miguel Ramos,28,F,Ciudad A,151,504,Producto C,6, $31.000 
152,Fernando Alonso,20,F,Ciudad C,152,408,Producto C,6, $72.000 
153,Alejandro Ruiz,22,M,Ciudad A,153,850,Producto C,8, $37.000 
154,Andrea Montero,65,M,Ciudad C,154,32,Producto B,8, $64.000 
155,Gabriel Jiménez,61,F,Ciudad C,155,514,Producto C,7, $65.000 
156,Elena Torres,61,F,Ciudad B,156,198,Producto B,8, $46.000 
157,Lucía Santiago,50,F,Ciudad A,157,720,Producto C,3, $95.000 
158,Sara Gutiérrez,61,M,Ciudad A,158,352,Producto C,2, $34.000 
159,José Ortega,65,F,Ciudad A,159,730,Producto A,6, $20.000 
160,Pedro Ruiz,43,M,Ciudad B,160,635,Producto A,8, $87.000 
161,Elena Morales,24,F,Ciudad A,161,825,Producto A,7, $72.000 
162,Paula Vargas,18,F,Ciudad A,162,654,Producto C,8, $33.000 
163,Natalia Morales,30,M,Ciudad A,163,261,Producto A,9, $50.000 
164,Victoria Castro,59,M,Ciudad B,164,422,Producto B,9, $33.000 
165,Diego García,54,M,Ciudad C,165,458,Producto C,1, $99.000 
166,Laura Montero,24,M,Ciudad A,166,179,Producto B,9, $24.000 
167,Manuel Alonso,67,F,Ciudad A,167,499,Producto A,1, $80.000 
168,Ana Molina,52,M,Ciudad C,168,600,Producto A,1, $14.000 
169,Javier Pérez,29,F,Ciudad C,169,685,Producto A,5, $72.000 
170,Valentina Molina,39,M,Ciudad A,170,509,Producto C,7, $74.000 
171,Carlos Montero,68,F,Ciudad A,171,35,Producto A,1, $82.000 
172,Juan Martínez,44,F,Ciudad C,172,723,Producto C,8, $94.000 
173,Alejandro Molina,42,F,Ciudad B,173,643,Producto C,9, $39.000 
174,Javier Martínez,64,M,Ciudad C,174,741,Producto C,8, $78.000 
175,José Gómez,21,F,Ciudad B,175,521,Producto B,3, $16.000 
176,Elena Fernández,69,M,Ciudad C,176,951,Producto B,2, $71.000 
177,Natalia Rodríguez,56,F,Ciudad B,177,745,Producto A,1, $88.000 
178,Daniel Ortega,28,F,Ciudad B,178,887,Producto C,7, $34.000 
179,José Alonso,58,M,Ciudad C,179,735,Producto A,1, $64.000 
180,Natalia Jiménez,61,F,Ciudad C,180,755,Producto B,6, $31.000 
181,Valentina Rodríguez,30,M,Ciudad B,181,411,Producto A,4, $40.000 
182,Manuel Flores,47,F,Ciudad B,182,690,Producto B,9, $87.000 
183,Isabela Ortega,41,M,Ciudad A,183,358,Producto A,5, $13.000 
184,Victoria Flores,59,M,Ciudad A,184,808,Producto A,1, $57.000 
185,Alejandro Montero,66,M,Ciudad B,185,85,Producto C,6, $97.000 
186,María Aguilar,36,F,Ciudad A,186,250,Producto A,1, $64.000 
187,Fernando Serrano,57,M,Ciudad B,187,675,Producto C,5, $68.000 
188,Isabela González,59,M,Ciudad C,188,864,Producto A,6, $65.000 
189,Juan Delgado,61,F,Ciudad C,189,649,Producto C,4, $12.000 
190,Alejandro Rodríguez,63,F,Ciudad B,190,721,Producto A,1, $84.000 
191,Victoria Fernández,36,M,Ciudad A,191,394,Producto A,6, $38.000 
192,Andrea Ramos,55,F,Ciudad C,192,486,Producto A,6, $10.000 
193,Fernando Romero,27,F,Ciudad A,193,719,Producto C,4, $15.000 
194,Laura Alonso,19,F,Ciudad A,194,473,Producto B,8, $98.000 
195,Manuel Díaz,63,F,Ciudad B,195,88,Producto C,5, $81.000 
196,Daniel Romero,24,M,Ciudad B,196,391,Producto C,1, $72.000 
197,Luis Morales,63,M,Ciudad A,197,340,Producto A,5, $99.000 
198,Manuel Martínez,57,M,Ciudad C,198,257,Producto B,9, $28.000 
199,Valentina Díaz,24,M,Ciudad B,199,844,Producto B,2, $57.000 
200,Manuel Ruiz,40,F,Ciudad B,200,170,Producto B,3, $36.000 
201,Ana Vargas,67,F,Ciudad A,201,259,Producto B,7, $93.000 
202,Miguel Fernández,40,F,Ciudad C,202,595,Producto A,7, $11.000 
203,Pedro Ortega,33,M,Ciudad B,203,630,Producto A,7, $72.000 
204,Fernando Molina,27,F,Ciudad A,204,477,Producto A,5, $24.000 
205,Isabela Vargas,33,M,Ciudad C,205,362,Producto A,5, $17.000 
206,Juan García,66,M,Ciudad C,206,477,Producto B,8, $41.000 
207,Sara Martínez,60,M,Ciudad C,207,18,Producto B,5, $62.000 
208,Diego Ruiz,20,M,Ciudad B,208,624,Producto C,6, $83.000 
209,Camila Aguilar,56,M,Ciudad C,209,131,Producto A,1, $59.000 
210,David Molina,21,M,Ciudad A,210,360,Producto B,2, $16.000 
211,Carlos Jiménez,55,M,Ciudad C,211,364,Producto C,5, $32.000 
212,María Molina,41,M,Ciudad B,212,776,Producto A,7, $48.000 
213,Elena Sánchez,35,F,Ciudad B,213,922,Producto C,6, $41.000 
214,Andrea González,64,M,Ciudad B,214,410,Producto C,8, $22.000 
215,Carlos Santiago,37,F,Ciudad A,215,228,Producto A,9, $88.000 
216,Sofía Ramos,55,F,Ciudad C,216,894,Producto A,9, $88.000 
217,Paula Flores,35,M,Ciudad A,217,355,Producto C,1, $95.000 
218,Sara García,61,M,Ciudad C,218,917,Producto A,8, $67.000 
219,Natalia Aguilar,54,F,Ciudad C,219,91,Producto B,8, $89.000 
220,Gabriel Montero,28,F,Ciudad A,220,715,Producto B,9, $25.000 
221,Daniel Delgado,59,F,Ciudad A,221,604,Producto C,9, $55.000 
222,Laura Castro,25,M,Ciudad B,222,392,Producto A,9, $35.000 
223,Diego Jiménez,29,M,Ciudad A,223,781,Producto B,2, $74.000 
224,Paula Díaz,51,F,Ciudad C,224,668,Producto C,6, $51.000 
225,David Jiménez,53,M,Ciudad C,225,89,Producto C,4, $80.000 
226,Laura Ortega,51,F,Ciudad B,226,232,Producto B,6, $99.000 
227,Carlos López,53,F,Ciudad A,227,724,Producto B,3, $96.000 
228,Victoria Montero,21,F,Ciudad B,228,259,Producto A,5, $47.000 
229,Isabela Castro,46,F,Ciudad A,229,124,Producto A,5, $22.000 
230,Juan Herrera,25,F,Ciudad A,230,45,Producto C,5, $77.000 
231,Natalia Montero,32,F,Ciudad C,231,771,Producto A,7, $48.000 
232,Pedro Suárez,38,F,Ciudad C,232,669,Producto A,3, $92.000 
233,Victoria Gutiérrez,32,F,Ciudad A,233,924,Producto B,7, $25.000 
234,Isabela Gómez,26,F,Ciudad A,234,89,Producto C,4, $14.000 
235,Gabriel Romero,54,M,Ciudad B,235,928,Producto C,1, $89.000 
236,Sara Serrano,42,F,Ciudad B,236,598,Producto A,7, $57.000 
237,Cristina Alonso,52,F,Ciudad B,237,125,Producto B,8, $23.000 
238,Ana Montero,40,M,Ciudad A,238,878,Producto B,6, $14.000 
239,David Díaz,62,F,Ciudad A,239,344,Producto B,4, $61.000 
240,Elena González,65,M,Ciudad B,240,850,Producto A,7, $93.000 
241,Daniel Torres,66,F,Ciudad C,241,65,Producto B,5, $54.000 
242,Sofía Herrera,48,M,Ciudad A,242,888,Producto B,5, $49.000 
243,Luis Torres,36,F,Ciudad A,243,762,Producto C,3, $64.000 
244,Cristina Aguilar,21,M,Ciudad C,244,410,Producto C,2, $17.000 
245,Cristina Molina,59,F,Ciudad A,245,6,Producto B,1, $37.000 
246,Laura González,52,F,Ciudad A,246,12,Producto B,7, $93.000 
247,Juan Serrano,30,F,Ciudad C,247,960,Producto B,5, $52.000 
248,Natalia Pérez,63,M,Ciudad C,248,767,Producto B,6, $19.000 
249,María Romero,53,F,Ciudad B,249,230,Producto B,5, $99.000 
250,Elena Gómez,49,F,Ciudad B,250,32,Producto B,7, $83.000 
251,Daniel Fernández,66,M,Ciudad B,251,411,Producto C,2, $62.000 
252,María Suárez,37,F,Ciudad B,252,646,Producto C,8, $44.000 
253,Paula Ruiz,56,M,Ciudad C,253,503,Producto A,7, $83.000 
254,Ana Aguilar,59,M,Ciudad A,254,506,Producto B,1, $68.000 
255,Sara Jiménez,36,F,Ciudad B,255,782,Producto B,2, $39.000 
256,Isabela Martínez,19,M,Ciudad C,256,276,Producto C,9, $39.000 
257,Andrea Morales,45,M,Ciudad B,257,409,Producto C,2, $55.000 
258,Luis Jiménez,36,M,Ciudad B,258,345,Producto C,4, $32.000 
259,Diego Flores,67,F,Ciudad C,259,755,Producto C,9, $81.000 
260,Sara Castro,42,F,Ciudad C,260,317,Producto A,9, $28.000 
261,Natalia Gutiérrez,18,M,Ciudad C,261,54,Producto B,4, $71.000 
262,Cristina Flores,23,M,Ciudad A,262,952,Producto A,3, $14.000 
263,Luis Flores,24,M,Ciudad B,263,926,Producto B,7, $99.000 
264,Diana Santiago,53,M,Ciudad B,264,589,Producto B,7, $25.000 
265,Diana Ortega,51,M,Ciudad B,265,550,Producto C,4, $74.000 
266,Fernando Gómez,40,F,Ciudad C,266,712,Producto B,3, $68.000 
267,Alejandro Flores,54,F,Ciudad C,267,589,Producto A,6, $10.000 
268,Andrea Suárez,58,F,Ciudad C,268,24,Producto A,2, $70.000 
269,Elena Alonso,39,F,Ciudad C,269,118,Producto C,4, $99.000 
270,Sofía Montero,20,M,Ciudad A,270,476,Producto A,9, $34.000 
271,Lucía García,50,F,Ciudad A,271,158,Producto B,4, $64.000 
272,Gabriel Gómez,28,M,Ciudad A,272,369,Producto B,4, $93.000 
273,Daniel Martínez,49,F,Ciudad A,273,254,Producto B,5, $36.000 
274,Victoria Serrano,38,F,Ciudad A,274,275,Producto B,9, $35.000 
275,María Gómez,19,F,Ciudad B,275,540,Producto B,6, $15.000 
276,Diana Ramos,27,M,Ciudad A,276,832,Producto C,5, $31.000 
277,Cristina Vargas,42,M,Ciudad A,277,14,Producto A,8, $91.000 
278,Victoria Díaz,29,F,Ciudad A,278,234,Producto C,2, $57.000 
279,Victoria Santiago,19,F,Ciudad A,279,854,Producto B,5, $75.000 
280,Andrea Flores,55,F,Ciudad B,280,668,Producto B,9, $79.000 
281,Ana Díaz,43,M,Ciudad C,281,182,Producto B,9, $52.000 
282,Paula Gutiérrez,44,M,Ciudad B,282,241,Producto A,7, $92.000 
283,Valentina Aguilar,57,M,Ciudad A,283,51,Producto C,2, $10.000 
284,Javier López,69,F,Ciudad B,284,990,Producto B,4, $53.000 
285,Manuel Ramos,47,F,Ciudad A,285,152,Producto C,4, $73.000 
286,Laura Serrano,33,M,Ciudad A,286,590,Producto A,7, $67.000 
287,Ana Martínez,61,F,Ciudad A,287,970,Producto C,6, $35.000 
288,Pedro Vargas,39,M,Ciudad A,288,629,Producto C,1, $24.000 
289,Manuel González,38,M,Ciudad C,289,782,Producto A,2, $73.000 
290,Javier Gómez,69,M,Ciudad C,290,738,Producto A,2, $18.000 
291,Camila Torres,37,F,Ciudad B,291,205,Producto C,1, $78.000 
292,Gabriel Ruiz,24,F,Ciudad B,292,362,Producto B,5, $50.000 
293,Sofía Aguilar,67,F,Ciudad B,293,714,Producto A,1, $77.000 
294,Lucía Romero,30,M,Ciudad C,294,130,Producto A,2, $19.000 
295,Paula Pérez,38,F,Ciudad A,295,611,Producto A,6, $39.000 
296,María Morales,35,F,Ciudad B,296,185,Producto A,1, $90.000 
297,Diana Gómez,19,F,Ciudad A,297,194,Producto B,9, $42.000 
298,Isabela Torres,19,F,Ciudad A,298,768,Producto C,3, $83.000 
299,Javier Flores,35,F,Ciudad A,299,667,Producto B,5, $24.000 
300,Victoria Ortega,35,F,Ciudad B,300,580,Producto A,1, $22.000 
301,Diana Ruiz,57,M,Ciudad A,301,570,Producto A,1, $98.000 
302,Manuel Herrera,56,F,Ciudad C,302,503,Producto C,9, $25.000 
303,Paula Torres,40,M,Ciudad C,303,824,Producto A,6, $12.000 
304,David Ruiz,51,F,Ciudad A,304,549,Producto C,6, $27.000 
305,Diana Rodríguez,43,F,Ciudad C,305,619,Producto A,4, $38.000 
306,Elena Ramos,27,F,Ciudad A,306,68,Producto B,1, $42.000 
307,Pedro Romero,50,M,Ciudad B,307,249,Producto C,8, $40.000 
308,Camila Santiago,21,M,Ciudad A,308,297,Producto A,6, $79.000 
309,Valentina Alonso,32,M,Ciudad B,309,208,Producto C,8, $49.000 
310,Ana Ortega,28,M,Ciudad B,310,961,Producto B,6, $66.000 
311,Cristina López,56,M,Ciudad C,311,558,Producto B,9, $52.000 
312,Andrea Serrano,53,M,Ciudad C,312,448,Producto C,4, $88.000 
313,Lucía Flores,46,F,Ciudad B,313,278,Producto A,8, $78.000 
314,Luis Delgado,64,F,Ciudad A,314,969,Producto C,9, $54.000 
315,José Rodríguez,52,M,Ciudad C,315,532,Producto B,3, $63.000 
316,Isabela Romero,31,F,Ciudad C,316,875,Producto C,6, $43.000 
317,Diego Fernández,45,F,Ciudad A,317,42,Producto C,9, $20.000 
318,Alejandro Ortega,26,M,Ciudad B,318,618,Producto A,5, $12.000 
319,Daniel Flores,54,M,Ciudad B,319,54,Producto A,4, $54.000 
320,Miguel Castro,67,M,Ciudad A,320,540,Producto C,3, $99.000 
321,Alejandro Ramos,40,F,Ciudad C,321,703,Producto A,8, $54.000 
322,Victoria López,36,F,Ciudad C,322,472,Producto A,9, $48.000 
323,Ana Castro,48,M,Ciudad B,323,173,Producto A,2, $75.000 
324,Diego Vargas,35,M,Ciudad B,324,551,Producto A,1, $35.000 
325,José Santiago,55,F,Ciudad B,325,877,Producto A,3, $48.000 
326,Isabela García,21,M,Ciudad C,326,602,Producto A,4, $14.000 
327,Carlos Pérez,21,F,Ciudad A,327,383,Producto B,4, $86.000 
328,Valentina Sánchez,33,F,Ciudad B,328,650,Producto B,5, $16.000 
329,Diana Pérez,59,F,Ciudad C,329,738,Producto A,2, $77.000 
330,Javier Gutiérrez,44,M,Ciudad A,330,473,Producto B,5, $45.000 
331,María Pérez,56,F,Ciudad B,331,755,Producto C,9, $54.000 
332,Carlos Ramos,47,M,Ciudad B,332,775,Producto C,5, $49.000 
333,Camila Montero,60,F,Ciudad C,333,394,Producto A,6, $44.000 
334,Paula Romero,51,F,Ciudad B,334,331,Producto B,7, $87.000 
335,Paula Herrera,57,F,Ciudad B,335,889,Producto A,6, $40.000 
336,Valentina Castro,68,F,Ciudad A,336,115,Producto C,3, $45.000 
337,Javier Díaz,37,M,Ciudad A,337,144,Producto A,8, $62.000 
338,Miguel Herrera,51,F,Ciudad A,338,265,Producto A,2, $88.000 
339,Carlos Aguilar,21,F,Ciudad B,339,296,Producto B,4, $74.000 
340,Fernando Jiménez,50,F,Ciudad B,340,402,Producto C,3, $33.000 
341,José Jiménez,27,M,Ciudad A,341,895,Producto C,5, $91.000 
342,Diego Pérez,34,M,Ciudad C,342,632,Producto A,1, $57.000 
343,Natalia López,31,F,Ciudad C,343,711,Producto C,1, $54.000 
344,María Delgado,26,M,Ciudad C,344,111,Producto C,1, $21.000 
345,David Alonso,57,F,Ciudad B,345,559,Producto C,2, $34.000 
346,Elena Ortega,45,M,Ciudad C,346,240,Producto A,4, $73.000 
347,Victoria Sánchez,42,M,Ciudad A,347,941,Producto A,7, $56.000 
348,Manuel Santiago,58,M,Ciudad A,348,753,Producto C,4, $71.000 
349,Pedro Aguilar,35,F,Ciudad B,349,571,Producto C,2, $28.000 
350,Sara Delgado,45,F,Ciudad C,350,159,Producto A,5, $64.000 
351,Ana Ruiz,29,F,Ciudad C,351,351,Producto A,8, $14.000 
352,Gabriel García,62,F,Ciudad B,352,472,Producto A,7, $53.000 
353,Victoria Molina,46,F,Ciudad C,353,442,Producto C,4, $62.000 
354,Andrea Santiago,49,M,Ciudad B,354,698,Producto A,7, $20.000 
355,Camila Martínez,47,F,Ciudad A,355,622,Producto A,9, $94.000 
356,Carlos Sánchez,24,F,Ciudad C,356,706,Producto C,8, $15.000 
357,Cristina Romero,25,M,Ciudad C,357,525,Producto C,1, $45.000 
358,Alejandro Pérez,55,M,Ciudad B,358,606,Producto C,7, $87.000 
359,Manuel Morales,22,M,Ciudad A,359,374,Producto B,8, $50.000 
360,Lucía Serrano,27,F,Ciudad B,360,449,Producto A,9, $14.000 
361,Camila Delgado,64,M,Ciudad C,361,326,Producto B,8, $17.000 
362,Miguel González,59,F,Ciudad A,362,662,Producto C,7, $81.000 
363,Lucía González,28,M,Ciudad B,363,763,Producto C,6, $83.000 
364,Gabriel Herrera,40,M,Ciudad A,364,467,Producto B,8, $29.000 
365,Isabela Gutiérrez,43,F,Ciudad C,365,486,Producto A,7, $93.000 
366,Sara Alonso,59,M,Ciudad C,366,145,Producto C,6, $49.000 
367,Carlos Morales,64,F,Ciudad C,367,476,Producto B,5, $84.000 
368,Cristina García,42,M,Ciudad C,368,777,Producto A,2, $74.000 
369,Sofía Martínez,46,F,Ciudad A,369,241,Producto A,5, $71.000 
370,David González,56,M,Ciudad B,370,955,Producto A,9, $71.000 
371,Ana Flores,36,M,Ciudad A,371,662,Producto B,1, $25.000 
372,Diego Sánchez,24,F,Ciudad B,372,115,Producto A,8, $26.000 
373,Alejandro Vargas,26,M,Ciudad C,373,758,Producto C,9, $12.000 
374,Diego Martínez,44,M,Ciudad B,374,177,Producto B,1, $46.000 
375,Ana Morales,21,F,Ciudad B,375,508,Producto B,2, $56.000 
376,Alejandro Aguilar,66,M,Ciudad B,376,34,Producto B,2, $68.000 
377,Pedro Ramos,46,F,Ciudad B,377,88,Producto C,1, $27.000 
378,Daniel Montero,52,M,Ciudad A,378,643,Producto C,5, $28.000 
379,Daniel Castro,54,M,Ciudad B,379,287,Producto A,8, $64.000 
380,Ana Ramos,19,M,Ciudad A,380,489,Producto C,3, $52.000 
381,Luis Santiago,21,F,Ciudad C,381,919,Producto A,7, $64.000 
382,Paula López,18,F,Ciudad B,382,468,Producto A,1, $58.000 
383,Javier Castro,49,F,Ciudad C,383,537,Producto B,6, $23.000 
384,Diana Sánchez,55,F,Ciudad C,384,778,Producto A,2, $41.000 
385,Lucía Torres,42,M,Ciudad C,385,7,Producto B,4, $33.000 
386,Cristina Castro,58,F,Ciudad B,386,368,Producto C,6, $47.000 
387,José Castro,60,M,Ciudad B,387,828,Producto C,3, $76.000 
388,Sofía Díaz,38,M,Ciudad A,388,966,Producto A,9, $70.000 
389,Andrea Alonso,56,M,Ciudad C,389,647,Producto C,7, $71.000 
390,Andrea Aguilar,25,M,Ciudad A,390,334,Producto B,4, $33.000 
391,Paula Ortega,20,M,Ciudad B,391,695,Producto C,8, $22.000 
392,Andrea Fernández,43,M,Ciudad B,392,7,Producto B,8, $90.000 
393,Valentina Santiago,59,F,Ciudad C,393,788,Producto B,4, $84.000 
394,Pedro Molina,24,F,Ciudad A,394,665,Producto A,4, $44.000 
395,Camila García,60,F,Ciudad B,395,982,Producto B,6, $92.000 
396,Gabriel Suárez,64,F,Ciudad B,396,131,Producto A,8, $34.000 
397,Carlos Vargas,53,M,Ciudad B,397,630,Producto A,5, $26.000 
398,Diana Flores,66,M,Ciudad C,398,590,Producto A,4, $29.000 
399,Diana González,18,M,Ciudad C,399,381,Producto A,2, $45.000 
400,Sofía Rodríguez,65,M,Ciudad A,400,888,Producto B,5, $93.000 
401,Carlos García,42,M,Ciudad C,401,169,Producto A,1, $58.000 
402,Andrea Romero,58,F,Ciudad B,402,744,Producto A,9, $79.000 
403,José López,38,F,Ciudad A,403,4,Producto A,8, $58.000 
404,Valentina Ramos,47,F,Ciudad A,404,613,Producto A,4, $14.000 
405,Lucía Montero,40,M,Ciudad B,405,752,Producto B,7, $17.000 
406,Sofía Molina,54,F,Ciudad C,406,31,Producto A,5, $21.000 
407,Cristina Ruiz,68,F,Ciudad B,407,857,Producto B,2, $39.000 
408,Daniel Gutiérrez,63,M,Ciudad A,408,272,Producto B,9, $40.000 
409,Fernando Rodríguez,34,M,Ciudad A,409,937,Producto C,2, $38.000 
410,Diana Delgado,59,M,Ciudad B,410,421,Producto A,2, $52.000 
411,Cristina Serrano,67,F,Ciudad B,411,176,Producto C,7, $11.000 
412,David Sánchez,47,F,Ciudad C,412,587,Producto A,6, $84.000 
413,Daniel Herrera,48,F,Ciudad C,413,413,Producto A,4, $17.000 
414,Miguel Flores,25,M,Ciudad C,414,434,Producto A,1, $49.000 
415,Daniel Morales,21,F,Ciudad A,415,56,Producto B,4, $13.000 
416,Diego Suárez,68,F,Ciudad C,416,811,Producto C,2, $97.000 
417,Sofía Gómez,45,M,Ciudad A,417,746,Producto B,1, $17.000 
418,Daniel González,22,F,Ciudad A,418,259,Producto C,6, $58.000 
419,Andrea Castro,31,M,Ciudad C,419,536,Producto C,7, $36.000 
420,Elena López,25,M,Ciudad A,420,181,Producto B,4, $71.000 
421,Paula Jiménez,30,F,Ciudad A,421,795,Producto C,7, $38.000 
422,Victoria Torres,41,F,Ciudad B,422,124,Producto C,3, $77.000 
423,Alejandro Jiménez,31,M,Ciudad B,423,116,Producto A,3, $48.000 
424,José Suárez,54,M,Ciudad A,424,572,Producto B,8, $94.000 
425,Sara Ortega,52,M,Ciudad A,425,187,Producto C,1, $32.000 
426,Alejandro García,64,M,Ciudad C,426,509,Producto A,7, $36.000 
427,Alejandro Suárez,51,F,Ciudad A,427,323,Producto B,3, $59.000 
428,Miguel Pérez,23,M,Ciudad B,428,719,Producto A,8, $79.000 
429,Camila Gutiérrez,64,F,Ciudad C,429,744,Producto B,5, $96.000 
430,Manuel Fernández,29,F,Ciudad C,430,743,Producto A,5, $83.000 
431,Fernando Morales,43,F,Ciudad B,431,927,Producto C,3, $12.000 
432,José Delgado,55,M,Ciudad A,432,848,Producto C,8, $16.000 
433,María Ortega,60,M,Ciudad A,433,164,Producto C,8, $30.000 
434,Javier Molina,22,F,Ciudad A,434,901,Producto B,4, $65.000 
435,Gabriel Pérez,48,M,Ciudad A,435,269,Producto B,2, $25.000 
436,Andrea Sánchez,29,M,Ciudad B,436,597,Producto C,4, $52.000 
437,Paula Castro,24,F,Ciudad C,437,669,Producto C,1, $19.000 
438,Camila González,66,F,Ciudad C,438,253,Producto A,4, $87.000 
439,Daniel Serrano,27,F,Ciudad B,439,780,Producto C,4, $69.000 
440,Natalia Sánchez,63,M,Ciudad A,440,865,Producto B,4, $87.000 
441,Manuel Montero,64,F,Ciudad B,441,729,Producto A,9, $25.000 
442,Juan Alonso,47,F,Ciudad C,442,291,Producto B,1, $55.000 
443,Fernando Díaz,43,M,Ciudad A,443,452,Producto B,3, $58.000 
444,Natalia Alonso,18,M,Ciudad C,444,934,Producto B,9, $68.000 
445,Diana Suárez,38,F,Ciudad B,445,279,Producto C,6, $26.000 
446,Ana Romero,36,M,Ciudad A,446,98,Producto B,3, $27.000 
447,María Ruiz,60,M,Ciudad B,447,662,Producto A,7, $24.000 
448,Elena Jiménez,58,M,Ciudad B,448,374,Producto A,6, $53.000 
449,Cristina Gutiérrez,43,F,Ciudad A,449,655,Producto C,8, $59.000 
450,Victoria Rodríguez,39,F,Ciudad C,450,493,Producto C,8, $63.000 
451,David Flores,19,M,Ciudad A,451,902,Producto C,7, $58.000 
452,Luis Díaz,51,F,Ciudad B,452,88,Producto C,4, $39.000 
453,Diego Molina,66,F,Ciudad A,453,532,Producto B,9, $47.000 
454,Natalia Suárez,49,M,Ciudad A,454,277,Producto B,2, $59.000 
455,Isabela Molina,65,F,Ciudad A,455,719,Producto C,5, $35.000 
456,Diana López,51,M,Ciudad B,456,648,Producto A,6, $95.000 
457,Elena Delgado,54,F,Ciudad A,457,378,Producto B,9, $29.000 
458,Alejandro Castro,59,M,Ciudad B,458,544,Producto A,6, $54.000 
459,Camila Suárez,50,M,Ciudad B,459,313,Producto B,9, $88.000 
460,Sofía Vargas,30,M,Ciudad B,460,685,Producto A,4, $41.000 
461,Camila Vargas,21,M,Ciudad B,461,326,Producto A,8, $33.000 
462,Lucía Herrera,27,M,Ciudad C,462,772,Producto C,2, $74.000 
463,Fernando López,66,M,Ciudad A,463,817,Producto A,4, $58.000 
464,Diego López,25,M,Ciudad B,464,37,Producto C,1, $41.000 
465,Lucía Ramos,34,F,Ciudad B,465,824,Producto B,4, $83.000 
466,Cristina Gómez,29,F,Ciudad A,466,217,Producto C,8, $54.000 
467,Cristina Pérez,23,F,Ciudad B,467,490,Producto A,9, $70.000 
468,Pedro Morales,54,M,Ciudad B,468,626,Producto A,2, $24.000 
469,Javier Morales,42,F,Ciudad C,469,575,Producto A,7, $94.000 
470,Sara Ramos,52,F,Ciudad A,470,214,Producto A,2, $30.000 
471,Juan González,54,M,Ciudad C,471,181,Producto B,7, $31.000 
472,Diego Aguilar,20,M,Ciudad A,472,29,Producto B,7, $85.000 
473,Paula Martínez,34,M,Ciudad C,473,736,Producto C,6, $14.000 
474,Paula Suárez,62,M,Ciudad A,474,870,Producto A,5, $47.000 
475,Lucía Suárez,53,F,Ciudad A,475,68,Producto C,5, $25.000 
476,Diana Morales,26,F,Ciudad A,476,43,Producto C,5, $92.000 
477,Javier García,49,M,Ciudad A,477,813,Producto C,1, $75.000 
478,Lucía Rodríguez,19,F,Ciudad C,478,762,Producto A,9, $74.000 
479,Gabriel Rodríguez,31,F,Ciudad B,479,904,Producto C,2, $86.000 
480,Sofía Santiago,37,F,Ciudad A,480,41,Producto A,7, $38.000 
481,Sara Torres,65,M,Ciudad B,481,279,Producto B,4, $18.000 
482,Camila López,31,F,Ciudad A,482,954,Producto B,4, $34.000 
483,Camila Molina,49,M,Ciudad C,483,231,Producto A,1, $15.000 
484,Andrea García,43,F,Ciudad A,484,615,Producto A,2, $26.000 
485,Pedro Pérez,54,M,Ciudad B,485,362,Producto B,6, $97.000 
486,Juan López,35,M,Ciudad B,486,539,Producto B,6, $64.000 
487,Pedro Fernández,32,M,Ciudad B,487,855,Producto A,8, $46.000 
488,Paula Morales,37,F,Ciudad C,488,621,Producto B,9, $34.000 
489,Lucía Ortega,30,F,Ciudad C,489,831,Producto B,7, $26.000 
490,Sofía Torres,32,M,Ciudad B,490,307,Producto B,4, $64.000 
491,Carlos Fernández,49,F,Ciudad C,491,376,Producto C,9, $93.000 
492,Sara Flores,46,F,Ciudad C,492,940,Producto A,6, $80.000 
493,Camila Rodríguez,68,F,Ciudad B,493,287,Producto A,9, $13.000 
494,Laura Gutiérrez,24,M,Ciudad B,494,243,Producto C,9, $56.000 
495,José Romero,57,M,Ciudad C,495,906,Producto A,6, $92.000 
496,Natalia Ortega,60,M,Ciudad A,496,377,Producto C,4, $18.000 
497,Alejandro Alonso,18,M,Ciudad B,497,2,Producto A,6, $48.000 
498,Sara Rodríguez,69,M,Ciudad A,498,67,Producto B,2, $42.000 
499,Luis Alonso,58,F,Ciudad B,499,787,Producto B,9, $48.000 
500,Victoria Aguilar,38,M,Ciudad A,500,457,Producto B,3, $15.000 
501,Andrea Martínez,22,F,Ciudad C,501,703,Producto B,5, $60.000 
502,Pedro Flores,58,M,Ciudad B,502,248,Producto C,5, $20.000 
503,Laura Vargas,59,M,Ciudad C,503,82,Producto C,5, $11.000 
504,Sofía López,56,F,Ciudad B,504,30,Producto A,2, $58.000 
505,Carlos Alonso,69,F,Ciudad B,505,75,Producto C,4, $78.000 
506,Isabela Flores,39,F,Ciudad A,506,793,Producto A,7, $72.000 
507,María Alonso,63,M,Ciudad A,507,832,Producto C,7, $92.000 
508,Natalia Delgado,37,M,Ciudad B,508,519,Producto C,1, $94.000 
509,Javier Aguilar,35,F,Ciudad B,509,939,Producto B,6, $11.000 
510,Paula Fernández,60,F,Ciudad C,510,842,Producto A,9, $67.000 
511,Juan Aguilar,53,M,Ciudad A,511,16,Producto B,6, $26.000 
512,Valentina Pérez,66,F,Ciudad B,512,236,Producto A,4, $99.000 
513,Lucía Fernández,68,M,Ciudad C,513,4,Producto A,2, $82.000 
514,Diana Herrera,47,F,Ciudad C,514,317,Producto C,3, $87.000 
515,David Gómez,48,M,Ciudad B,515,217,Producto B,3, $92.000 
516,Manuel Molina,37,M,Ciudad C,516,8,Producto B,1, $71.000 
517,Andrea Díaz,58,F,Ciudad C,517,774,Producto B,7, $21.000 
518,Juan Ruiz,45,M,Ciudad B,518,401,Producto A,1, $49.000 
519,Cristina Herrera,39,F,Ciudad B,519,757,Producto B,4, $23.000 
520,María Vargas,23,F,Ciudad B,520,611,Producto A,2, $93.000 
521,Miguel Romero,22,F,Ciudad C,521,747,Producto C,8, $18.000 
522,Lucía Aguilar,68,M,Ciudad B,522,393,Producto B,7, $71.000 
523,Juan Fernández,50,M,Ciudad A,523,709,Producto C,9, $20.000 
524,Carlos Martínez,63,F,Ciudad B,524,423,Producto C,3, $93.000 
525,Natalia Flores,64,M,Ciudad B,525,602,Producto A,9, $74.000 
526,Pedro García,59,F,Ciudad A,526,503,Producto A,8, $51.000 
527,María Fernández,58,M,Ciudad C,527,799,Producto A,4, $15.000 
528,Fernando Montero,23,F,Ciudad A,528,465,Producto C,7, $67.000 
529,María Torres,18,F,Ciudad B,529,676,Producto C,5, $32.000 
530,Pedro Rodríguez,58,F,Ciudad A,530,817,Producto C,4, $23.000 
531,Pedro Jiménez,42,F,Ciudad B,531,193,Producto B,1, $57.000 
532,María Gutiérrez,66,M,Ciudad C,532,600,Producto B,8, $47.000 
533,Lucía Castro,62,M,Ciudad B,533,629,Producto C,8, $45.000 
534,Javier Montero,23,F,Ciudad A,534,79,Producto B,5, $14.000 
535,Lucía López,18,M,Ciudad B,535,205,Producto C,9, $37.000 
536,Laura Molina,38,F,Ciudad A,536,83,Producto B,9, $51.000 
537,Miguel Torres,21,F,Ciudad B,537,85,Producto A,5, $25.000 
538,Natalia Gómez,61,M,Ciudad C,538,667,Producto B,3, $20.000 
539,Victoria Alonso,23,M,Ciudad A,539,939,Producto A,4, $25.000 
540,Alejandro Serrano,38,F,Ciudad C,540,122,Producto A,5, $24.000 
541,Ana Rodríguez,23,M,Ciudad C,541,671,Producto A,8, $58.000 
542,Luis Sánchez,20,F,Ciudad C,542,817,Producto A,1, $68.000 
543,Paula Alonso,38,F,Ciudad B,543,634,Producto A,5, $29.000 
544,Isabela Aguilar,19,F,Ciudad C,544,966,Producto A,6, $16.000 
545,Ana Herrera,45,M,Ciudad A,545,224,Producto C,5, $43.000 
546,Miguel Serrano,64,F,Ciudad A,546,250,Producto C,1, $39.000 
547,Juan Gutiérrez,33,M,Ciudad B,547,393,Producto C,6, $80.000 
548,María Díaz,55,F,Ciudad B,548,390,Producto B,5, $41.000 
549,Natalia Serrano,68,F,Ciudad A,549,618,Producto A,9, $61.000 
550,Daniel Díaz,39,M,Ciudad A,550,884,Producto C,5, $44.000 
551,Cristina Ramos,27,M,Ciudad C,551,503,Producto B,1, $59.000 
552,Carlos Herrera,67,F,Ciudad B,552,28,Producto C,7, $59.000 
553,Manuel López,36,M,Ciudad C,553,49,Producto B,6, $59.000 
554,Laura Torres,68,M,Ciudad A,554,613,Producto C,9, $76.000 
555,Camila Ruiz,42,F,Ciudad C,555,594,Producto A,1, $76.000 
556,Elena Pérez,25,F,Ciudad C,556,129,Producto C,4, $40.000 
557,Gabriel Castro,47,M,Ciudad C,557,926,Producto C,4, $43.000 
558,Juan Vargas,19,M,Ciudad B,558,487,Producto C,7, $89.000 
559,Luis Vargas,62,F,Ciudad A,559,37,Producto A,4, $31.000 
560,María Ramos,24,M,Ciudad C,560,549,Producto A,3, $65.000 
561,Andrea Rodríguez,35,M,Ciudad A,561,338,Producto C,3, $13.000 
562,Javier Santiago,34,M,Ciudad B,562,385,Producto C,8, $41.000 
563,Lucía Vargas,46,F,Ciudad B,563,877,Producto C,3, $59.000 
564,Daniel Ruiz,34,F,Ciudad A,564,678,Producto B,4, $76.000 
565,Laura Morales,37,M,Ciudad A,565,615,Producto B,1, $31.000 
566,Victoria Ruiz,34,M,Ciudad C,566,247,Producto B,4, $44.000 
567,Pedro Torres,27,F,Ciudad A,567,368,Producto A,4, $24.000 
568,Javier Serrano,24,F,Ciudad B,568,595,Producto B,3, $52.000 
569,María Martínez,61,M,Ciudad B,569,236,Producto C,1, $53.000 
570,Diana Díaz,43,F,Ciudad B,570,845,Producto C,5, $92.000 
571,Fernando Castro,40,M,Ciudad B,571,625,Producto B,6, $44.000 
572,Cristina Santiago,49,M,Ciudad A,572,632,Producto C,6, $78.000 
573,Miguel Sánchez,65,F,Ciudad B,573,570,Producto A,8, $39.000 
574,Valentina Jiménez,23,M,Ciudad A,574,152,Producto B,5, $12.000 
575,Lucía Morales,64,M,Ciudad B,575,912,Producto C,9, $49.000 
576,Gabriel Díaz,48,M,Ciudad A,576,530,Producto C,8, $38.000 
577,Victoria Herrera,34,M,Ciudad A,577,555,Producto B,9, $21.000 
578,Juan Díaz,39,M,Ciudad A,578,899,Producto B,8, $41.000 
579,José Martínez,27,M,Ciudad B,579,457,Producto B,2, $35.000 
580,Manuel Rodríguez,48,F,Ciudad A,580,452,Producto A,3, $58.000 
581,Daniel García,54,M,Ciudad C,581,363,Producto C,7, $58.000 
582,Sofía González,61,M,Ciudad B,582,991,Producto A,4, $49.000 
583,Luis Martínez,53,M,Ciudad A,583,403,Producto B,6, $55.000 
584,Carlos Serrano,32,M,Ciudad C,584,950,Producto A,8, $41.000 
585,Fernando Fernández,69,F,Ciudad A,585,966,Producto C,1, $50.000 
586,Gabriel Santiago,22,F,Ciudad C,586,332,Producto A,2, $83.000 
587,Camila Herrera,62,M,Ciudad C,587,671,Producto C,9, $14.000 
588,Pedro Sánchez,34,F,Ciudad A,588,370,Producto B,1, $65.000 
589,Natalia García,56,M,Ciudad A,589,766,Producto B,9, $69.000 
590,Manuel Aguilar,41,F,Ciudad C,590,29,Producto C,9, $54.000 
591,Javier Torres,69,F,Ciudad C,591,137,Producto A,6, $35.000 
592,Andrea Gómez,21,M,Ciudad A,592,880,Producto A,9, $45.000 
593,Camila Ortega,21,M,Ciudad B,593,97,Producto B,5, $74.000 
594,Daniel Jiménez,20,F,Ciudad A,594,90,Producto B,8, $69.000 
595,Juan Ortega,18,F,Ciudad B,595,74,Producto B,6, $94.000 
596,Valentina Gómez,59,F,Ciudad B,596,556,Producto A,1, $21.000 
597,Andrea Pérez,60,F,Ciudad C,597,756,Producto B,7, $84.000 
598,Carlos Delgado,28,F,Ciudad A,598,418,Producto A,7, $14.000 
599,Valentina González,33,M,Ciudad A,599,831,Producto A,2, $97.000 
600,Gabriel Ortega,47,M,Ciudad C,600,702,Producto B,6, $98.000 
601,Diana Alonso,31,F,Ciudad C,601,497,Producto C,3, $68.000 
602,Valentina Montero,35,M,Ciudad B,602,683,Producto B,6, $98.000 
603,Andrea Ortega,66,M,Ciudad A,603,539,Producto A,6, $66.000 
604,Victoria Pérez,55,M,Ciudad A,604,236,Producto A,4, $26.000 
605,Natalia Santiago,31,F,Ciudad B,605,557,Producto C,6, $42.000 
606,Gabriel López,28,F,Ciudad A,606,74,Producto C,3, $68.000 
607,Gabriel Gutiérrez,18,M,Ciudad C,607,807,Producto B,1, $53.000 
608,Isabela Ramos,56,F,Ciudad C,608,487,Producto C,8, $95.000 
609,Elena Vargas,26,M,Ciudad B,609,389,Producto B,1, $28.000 
610,Fernando Ortega,25,F,Ciudad B,610,457,Producto C,3, $20.000 
611,Carlos Gómez,45,M,Ciudad C,611,900,Producto C,5, $44.000 
612,Juan Rodríguez,57,F,Ciudad C,612,289,Producto B,2, $32.000 
613,Cristina Sánchez,28,F,Ciudad C,613,378,Producto A,7, $22.000 
614,Natalia Molina,40,F,Ciudad A,614,342,Producto A,3, $96.000 
615,Diego González,67,M,Ciudad A,615,839,Producto C,9, $41.000 
616,Sofía Morales,25,F,Ciudad B,616,59,Producto B,9, $97.000 
617,Ana García,45,M,Ciudad A,617,368,Producto C,6, $33.000 
618,Sara Fernández,36,M,Ciudad B,618,261,Producto B,1, $25.000 
619,Luis Rodríguez,37,F,Ciudad A,619,374,Producto B,2, $34.000 
620,Carlos Romero,27,F,Ciudad C,620,674,Producto A,4, $42.000 
621,Javier Vargas,35,M,Ciudad C,621,686,Producto A,5, $49.000 
622,Natalia Castro,42,F,Ciudad C,622,705,Producto C,3, $43.000 
623,Alejandro Morales,64,F,Ciudad C,623,522,Producto B,4, $82.000 
624,Laura Delgado,19,F,Ciudad B,624,704,Producto B,4, $77.000 
625,Luis Fernández,34,F,Ciudad A,625,296,Producto A,5, $83.000 
626,Sara Sánchez,56,F,Ciudad A,626,928,Producto B,7, $85.000 
627,Sara González,40,F,Ciudad A,627,960,Producto C,8, $76.000 
628,Javier Fernández,53,F,Ciudad A,628,754,Producto C,2, $14.000 
629,Laura Díaz,59,M,Ciudad B,629,287,Producto B,3, $42.000 
630,Diego Torres,50,M,Ciudad A,630,552,Producto A,1, $82.000 
631,María González,42,F,Ciudad C,631,862,Producto A,7, $57.000 
632,Pedro Serrano,25,F,Ciudad B,632,683,Producto B,3, $67.000 
633,Diego Ortega,39,M,Ciudad B,633,985,Producto B,6, $82.000 
634,Paula Gómez,43,M,Ciudad C,634,579,Producto A,3, $94.000 
635,Manuel Romero,23,F,Ciudad C,635,527,Producto A,6, $71.000 
636,Miguel Martínez,30,F,Ciudad C,636,613,Producto A,8, $63.000 
637,Luis Gómez,26,F,Ciudad A,637,226,Producto A,5, $53.000 
638,Manuel Gutiérrez,27,M,Ciudad B,638,844,Producto C,7, $77.000 
639,Laura López,26,F,Ciudad A,639,571,Producto C,4, $47.000 
640,Paula Serrano,31,M,Ciudad A,640,540,Producto C,9, $87.000 
641,Paula Molina,24,M,Ciudad A,641,207,Producto B,5, $18.000 
642,Sofía Castro,41,F,Ciudad B,642,561,Producto A,3, $59.000 
643,Daniel Vargas,62,M,Ciudad B,643,257,Producto B,9, $23.000 
644,Valentina Ortega,31,M,Ciudad A,644,669,Producto C,6, $63.000 
645,Isabela Rodríguez,62,M,Ciudad A,645,201,Producto A,7, $21.000 
646,Sara Montero,48,M,Ciudad C,646,729,Producto B,2, $10.000 
647,Daniel Rodríguez,67,M,Ciudad A,647,832,Producto A,6, $32.000 
648,Javier Ortega,49,M,Ciudad A,648,230,Producto A,5, $17.000 
649,Gabriel Aguilar,65,M,Ciudad C,649,971,Producto A,2, $61.000 
650,Diana Vargas,40,F,Ciudad C,650,763,Producto A,8, $37.000 
651,Miguel Molina,65,M,Ciudad A,651,682,Producto B,6, $20.000 
652,David Romero,60,M,Ciudad C,652,219,Producto A,1, $69.000 
653,Fernando Pérez,32,M,Ciudad C,653,552,Producto A,5, $86.000 
654,Manuel Delgado,66,M,Ciudad C,654,484,Producto A,6, $90.000 
655,Diana Montero,37,M,Ciudad B,655,242,Producto C,6, $20.000 
656,Cristina Delgado,59,F,Ciudad A,656,198,Producto C,4, $38.000 
657,Andrea Gutiérrez,45,F,Ciudad C,657,626,Producto A,5, $46.000 
658,Andrea Delgado,37,F,Ciudad C,658,981,Producto B,9, $79.000 
659,Valentina Herrera,30,F,Ciudad B,659,36,Producto B,4, $62.000 
660,Paula Aguilar,23,M,Ciudad B,660,154,Producto C,2, $38.000 
661,Miguel Jiménez,40,F,Ciudad B,661,854,Producto B,8, $19.000 
662,Fernando Vargas,52,M,Ciudad C,662,101,Producto A,2, $51.000 
663,Natalia Vargas,42,F,Ciudad B,663,306,Producto C,9, $85.000 
664,Natalia Martínez,58,F,Ciudad A,664,339,Producto C,2, $74.000 
665,Pedro López,60,F,Ciudad A,665,427,Producto B,7, $54.000 
666,Camila Sánchez,30,M,Ciudad C,666,682,Producto B,1, $58.000 
667,David Montero,26,F,Ciudad B,667,139,Producto B,9, $74.000 
668,José Gutiérrez,23,F,Ciudad B,668,718,Producto A,1, $30.000 
669,David Rodríguez,28,F,Ciudad B,669,355,Producto C,3, $49.000 
670,Pedro Herrera,43,M,Ciudad A,670,362,Producto A,5, $54.000 
671,Miguel Alonso,44,F,Ciudad A,671,847,Producto A,3, $50.000 
672,Fernando Martínez,19,M,Ciudad B,672,703,Producto A,4, $80.000 
673,Sara Suárez,53,F,Ciudad A,673,640,Producto C,4, $52.000 
674,Luis Ramos,28,M,Ciudad B,674,352,Producto B,4, $75.000 
675,Lucía Gómez,48,F,Ciudad C,675,112,Producto C,2, $74.000 
676,Daniel Molina,62,F,Ciudad A,676,72,Producto C,3, $88.000 
677,Juan Montero,32,M,Ciudad C,677,503,Producto A,5, $51.000 
678,Natalia Romero,65,F,Ciudad C,678,864,Producto C,1, $84.000 
679,Cristina Díaz,57,M,Ciudad B,679,9,Producto A,8, $52.000 
680,David Martínez,40,F,Ciudad A,680,598,Producto B,8, $91.000 
681,José Herrera,44,M,Ciudad C,681,954,Producto C,1, $24.000 
682,Elena Serrano,47,F,Ciudad C,682,995,Producto B,6, $50.000 
683,Carlos Rodríguez,28,F,Ciudad B,683,165,Producto B,8, $94.000 
684,David Serrano,61,M,Ciudad C,684,642,Producto A,3, $91.000 
685,María Serrano,56,M,Ciudad A,685,371,Producto A,1, $25.000 
686,Luis Ruiz,33,F,Ciudad A,686,911,Producto B,4, $65.000 
687,Victoria Gómez,65,F,Ciudad A,687,694,Producto C,9, $20.000 
688,Pedro Alonso,60,M,Ciudad B,688,133,Producto A,8, $55.000 
689,José Torres,32,M,Ciudad A,689,170,Producto A,7, $84.000 
690,Gabriel Martínez,38,M,Ciudad A,690,393,Producto C,3, $12.000 
691,Gabriel Fernández,23,M,Ciudad B,691,411,Producto B,8, $67.000 
692,Daniel Suárez,29,M,Ciudad B,692,969,Producto C,8, $55.000 
693,Natalia Fernández,50,M,Ciudad A,693,395,Producto C,4, $91.000 
694,María Jiménez,49,F,Ciudad B,694,747,Producto A,8, $21.000 
695,Diana Romero,40,M,Ciudad C,695,778,Producto A,4, $51.000 
696,José Aguilar,20,M,Ciudad A,696,120,Producto A,1, $63.000 
697,Luis Castro,49,M,Ciudad A,697,301,Producto A,7, $28.000 
698,Manuel Jiménez,55,F,Ciudad B,698,346,Producto A,2, $13.000 
699,Isabela Ruiz,39,M,Ciudad A,699,811,Producto C,1, $23.000 
700,Elena Flores,51,M,Ciudad A,700,474,Producto B,6, $43.000 
701,Isabela Santiago,23,F,Ciudad C,701,893,Producto B,7, $75.000 
702,Lucía Díaz,42,F,Ciudad C,702,990,Producto A,2, $47.000 
703,Miguel Aguilar,29,F,Ciudad B,703,7,Producto C,2, $66.000 
704,Sofía Jiménez,48,M,Ciudad A,704,561,Producto B,2, $92.000 
705,Sofía Alonso,29,F,Ciudad A,705,254,Producto A,2, $32.000 
706,Natalia Díaz,53,M,Ciudad A,706,158,Producto A,1, $75.000 
707,Miguel Montero,48,M,Ciudad A,707,855,Producto C,8, $13.000 
708,Sofía Serrano,48,M,Ciudad A,708,27,Producto A,6, $59.000 
709,Daniel Aguilar,45,M,Ciudad C,709,710,Producto C,9, $12.000 
710,Camila Gómez,51,M,Ciudad C,710,380,Producto A,6, $89.000 
711,Manuel Ortega,18,F,Ciudad A,711,483,Producto A,6, $37.000 
712,Juan Torres,27,F,Ciudad B,712,621,Producto C,4, $60.000 
713,Juan Jiménez,40,M,Ciudad C,713,686,Producto B,5, $16.000 
714,David Castro,46,F,Ciudad A,714,834,Producto A,3, $39.000 
715,Sara Vargas,45,F,Ciudad A,715,627,Producto A,4, $60.000 
716,Diego Delgado,27,F,Ciudad A,716,951,Producto C,2, $26.000 
717,Pedro Díaz,47,M,Ciudad A,717,731,Producto B,3, $46.000 
718,Daniel Sánchez,67,M,Ciudad C,718,975,Producto C,3, $99.000 
719,Sara Santiago,56,M,Ciudad B,719,21,Producto C,6, $61.000 
720,Luis Suárez,30,M,Ciudad B,720,590,Producto A,9, $71.000 
721,Manuel Sánchez,63,F,Ciudad A,721,638,Producto A,2, $70.000 
722,José Pérez,28,M,Ciudad C,722,305,Producto A,5, $85.000 
723,Ana Sánchez,61,F,Ciudad B,723,833,Producto C,9, $73.000 
724,Gabriel González,66,M,Ciudad A,724,4,Producto C,7, $82.000 
725,María Sánchez,50,F,Ciudad A,725,456,Producto B,4, $30.000 
726,Diego Santiago,60,M,Ciudad B,726,953,Producto B,5, $38.000 
727,Manuel García,43,M,Ciudad B,727,433,Producto C,5, $40.000 
728,Alejandro Delgado,53,M,Ciudad A,728,131,Producto B,6, $13.000 
729,Ana Torres,54,F,Ciudad B,729,763,Producto A,9, $63.000 
730,Ana Alonso,36,F,Ciudad C,730,257,Producto C,6, $82.000 
731,Gabriel Molina,54,M,Ciudad B,731,246,Producto C,6, $70.000 
732,Lucía Ruiz,27,F,Ciudad C,732,179,Producto C,6, $83.000 
733,Diego Alonso,63,M,Ciudad B,733,292,Producto A,5, $17.000 
734,Ana Serrano,45,M,Ciudad B,734,725,Producto A,3, $46.000 
735,Javier Herrera,31,M,Ciudad A,735,192,Producto A,4, $44.000 
736,Laura Fernández,53,F,Ciudad A,736,837,Producto A,4, $69.000 
737,Sara López,36,M,Ciudad B,737,668,Producto B,4, $43.000 
738,Miguel Morales,19,M,Ciudad A,738,563,Producto C,5, $53.000 
739,David Suárez,42,F,Ciudad C,739,851,Producto B,1, $64.000 
740,Sofía Sánchez,56,M,Ciudad B,740,254,Producto B,9, $25.000 
741,Juan Pérez,55,F,Ciudad C,741,3,Producto C,3, $15.000 
742,David Herrera,62,F,Ciudad C,742,66,Producto A,4, $48.000 
743,Isabela Herrera,41,M,Ciudad A,743,729,Producto A,3, $32.000 
744,Victoria Suárez,66,F,Ciudad A,744,259,Producto C,8, $82.000 
745,Valentina Flores,38,F,Ciudad A,745,984,Producto C,8, $32.000 
746,Diego Gómez,68,F,Ciudad A,746,983,Producto A,6, $84.000 
747,Camila Fernández,69,M,Ciudad C,747,881,Producto B,6, $98.000 
748,Sara Pérez,36,M,Ciudad A,748,862,Producto B,6, $98.000 
749,Gabriel Flores,24,M,Ciudad C,749,704,Producto A,3, $62.000 
750,Carlos Ortega,30,F,Ciudad B,750,80,Producto B,6, $37.000 
751,Carlos Ruiz,31,F,Ciudad A,751,810,Producto A,8, $86.000 
752,Sara Morales,20,F,Ciudad C,752,732,Producto B,1, $46.000 
753,Diana Serrano,33,M,Ciudad B,753,451,Producto B,8, $45.000 
754,Javier Suárez,30,F,Ciudad C,754,416,Producto A,9, $30.000 
755,Fernando Gutiérrez,42,F,Ciudad B,755,628,Producto C,8, $79.000 
756,Isabela Delgado,23,M,Ciudad A,756,247,Producto A,2, $67.000 
757,Alejandro Romero,40,M,Ciudad B,757,561,Producto A,3, $97.000 
758,Ana Santiago,18,M,Ciudad B,758,725,Producto C,3, $55.000 
759,Sara Aguilar,33,M,Ciudad B,759,967,Producto A,4, $77.000 
760,Ana Delgado,58,F,Ciudad B,760,129,Producto A,3, $23.000 
761,Juan Sánchez,20,M,Ciudad C,761,36,Producto A,3, $33.000 
762,Laura Rodríguez,50,M,Ciudad B,762,144,Producto B,9, $96.000 
763,Laura Ruiz,20,M,Ciudad B,763,93,Producto B,3, $15.000 
764,Elena Herrera,56,M,Ciudad B,764,155,Producto B,5, $89.000 
765,Pedro Montero,46,M,Ciudad A,765,447,Producto A,8, $28.000 
766,Javier Ramos,32,F,Ciudad B,766,146,Producto C,3, $80.000 
767,Pedro Santiago,35,F,Ciudad A,767,520,Producto A,7, $81.000 
768,Victoria Morales,66,M,Ciudad C,768,819,Producto A,5, $21.000 
769,Daniel Alonso,57,F,Ciudad C,769,560,Producto B,5, $90.000 
770,Javier Alonso,43,M,Ciudad A,770,37,Producto A,7, $10.000 
771,Laura Sánchez,69,M,Ciudad B,771,201,Producto C,9, $53.000 
772,Gabriel Alonso,63,M,Ciudad C,772,315,Producto B,5, $28.000 
773,Valentina Vargas,41,M,Ciudad C,773,393,Producto A,2, $18.000 
774,Valentina Delgado,24,M,Ciudad C,774,364,Producto A,5, $81.000 
775,David Ortega,63,M,Ciudad C,775,22,Producto C,8, $91.000 
776,David Delgado,61,M,Ciudad C,776,476,Producto B,8, $75.000 
777,Daniel López,51,M,Ciudad A,777,718,Producto C,8, $45.000 
778,Valentina Romero,21,F,Ciudad A,778,376,Producto A,8, $90.000 
779,Camila Flores,39,F,Ciudad C,779,128,Producto B,2, $54.000 
780,Ana Fernández,64,M,Ciudad A,780,687,Producto C,1, $75.000 
781,Alejandro Sánchez,22,M,Ciudad B,781,427,Producto C,8, $59.000 
782,Javier Ruiz,25,M,Ciudad C,782,702,Producto B,7, $86.000 
783,Andrea Vargas,29,F,Ciudad C,783,240,Producto A,2, $62.000 
784,Natalia Ramos,18,M,Ciudad C,784,898,Producto A,8, $21.000 
785,Isabela Serrano,59,M,Ciudad B,785,587,Producto A,3, $43.000 
786,Fernando Aguilar,63,F,Ciudad C,786,419,Producto B,1, $50.000 
787,Gabriel Delgado,35,M,Ciudad A,787,632,Producto C,9, $29.000 
788,Gabriel Sánchez,46,F,Ciudad A,788,343,Producto A,5, $46.000 
789,Ana González,55,M,Ciudad C,789,363,Producto C,9, $55.000 
790,Manuel Suárez,18,M,Ciudad A,790,869,Producto C,2, $63.000 
791,Diego Gutiérrez,64,F,Ciudad A,791,280,Producto A,9, $35.000 
792,Victoria Delgado,18,M,Ciudad B,792,672,Producto B,3, $87.000 
793,Victoria Romero,49,F,Ciudad C,793,218,Producto C,5, $67.000 
794,Elena Díaz,50,M,Ciudad C,794,524,Producto B,7, $50.000 
795,Paula García,28,M,Ciudad B,795,128,Producto B,4, $78.000 
796,Luis Serrano,18,F,Ciudad C,796,595,Producto A,4, $10.000 
797,Cristina Suárez,55,F,Ciudad C,797,619,Producto A,5, $68.000 
798,Cristina Rodríguez,50,M,Ciudad B,798,227,Producto C,1, $34.000 
799,Sofía Delgado,22,M,Ciudad C,799,749,Producto B,4, $68.000 
800,Carlos Gutiérrez,18,M,Ciudad B,800,92,Producto B,1, $85.000 
801,Elena García,37,F,Ciudad A,801,295,Producto B,8, $96.000 
802,Laura Pérez,50,M,Ciudad B,802,980,Producto A,3, $72.000 
803,Elena Ruiz,67,F,Ciudad A,803,680,Producto A,9, $89.000 
804,María Flores,52,M,Ciudad C,804,905,Producto B,9, $51.000 
805,Cristina Fernández,47,M,Ciudad A,805,884,Producto C,7, $80.000 
806,Manuel Gómez,30,M,Ciudad B,806,659,Producto B,2, $59.000 
807,Juan Ramos,57,M,Ciudad A,807,794,Producto A,7, $72.000 
808,Valentina García,28,M,Ciudad C,808,520,Producto B,4, $12.000 
809,Miguel Ortega,67,F,Ciudad C,809,152,Producto C,2, $37.000 
810,Diana Castro,52,F,Ciudad C,810,77,Producto C,3, $24.000 
811,Alejandro Herrera,27,F,Ciudad A,811,362,Producto A,7, $11.000 
812,José García,39,F,Ciudad B,812,856,Producto C,7, $13.000 
813,Miguel García,39,M,Ciudad B,813,763,Producto A,6, $26.000 
814,Diana Gutiérrez,52,M,Ciudad B,814,306,Producto B,3, $48.000 
815,Gabriel Torres,49,M,Ciudad B,815,951,Producto B,7, $24.000 
816,Diana Martínez,64,M,Ciudad B,816,898,Producto A,9, $31.000 
817,Cristina Morales,39,F,Ciudad B,817,903,Producto C,9, $10.000 
818,Javier Delgado,54,F,Ciudad B,818,491,Producto C,8, $65.000 
819,Luis Ortega,48,F,Ciudad B,819,270,Producto A,6, $49.000 
820,Luis Gutiérrez,49,F,Ciudad B,820,624,Producto C,5, $73.000 
821,Laura Herrera,54,M,Ciudad B,821,485,Producto C,2, $78.000 
822,David Torres,63,F,Ciudad A,822,756,Producto B,4, $91.000 
823,Elena Castro,69,F,Ciudad A,823,596,Producto C,3, $63.000 
824,Luis Herrera,63,M,Ciudad A,824,941,Producto B,7, $18.000 
825,Elena Martínez,50,M,Ciudad A,825,755,Producto B,7, $77.000 
826,Diego Serrano,67,F,Ciudad A,826,401,Producto C,7, $41.000 
827,Isabela Fernández,52,F,Ciudad B,827,240,Producto A,1, $35.000 
828,David Fernández,28,F,Ciudad C,828,744,Producto C,8, $97.000 
829,Camila Ramos,42,M,Ciudad C,829,380,Producto C,7, $77.000 
830,Diana Aguilar,66,F,Ciudad A,830,467,Producto B,2, $54.000 
831,Valentina Gutiérrez,53,M,Ciudad A,831,178,Producto A,7, $72.000 
832,María Herrera,67,M,Ciudad A,832,484,Producto B,3, $51.000 
833,Andrea López,54,F,Ciudad C,833,923,Producto B,3, $30.000 
834,Laura Santiago,43,M,Ciudad C,834,27,Producto A,5, $30.000 
835,Javier González,22,F,Ciudad A,835,558,Producto A,4, $91.000 
836,Paula Ramos,56,M,Ciudad B,836,959,Producto A,5, $71.000 
837,Paula Delgado,47,F,Ciudad B,837,647,Producto A,9, $92.000 
838,Sara Gómez,49,F,Ciudad C,838,430,Producto B,7, $70.000 
839,Juan Morales,41,F,Ciudad B,839,469,Producto B,5, $24.000 
840,Juan Suárez,21,F,Ciudad B,840,318,Producto C,8, $29.000 
841,Sara Díaz,39,F,Ciudad A,841,473,Producto C,3, $93.000 
842,Camila Serrano,41,M,Ciudad B,842,661,Producto B,7, $93.000 
843,Alejandro López,36,M,Ciudad C,843,692,Producto C,6, $71.000 
844,Valentina Fernández,65,M,Ciudad A,844,807,Producto C,6, $63.000 
845,Carlos Castro,61,M,Ciudad B,845,85,Producto B,2, $73.000 
846,Cristina Montero,30,F,Ciudad B,846,924,Producto C,1, $35.000 
847,Sofía Ortega,57,F,Ciudad C,847,872,Producto C,4, $33.000 
848,Laura Gómez,53,F,Ciudad A,848,224,Producto B,7, $42.000 
849,José Ramos,68,F,Ciudad C,849,455,Producto B,8, $54.000 
850,Elena Montero,25,M,Ciudad A,850,647,Producto B,7, $21.000 
851,Diego Díaz,43,F,Ciudad C,851,438,Producto C,1, $33.000 
852,Luis López,52,M,Ciudad A,852,721,Producto C,2, $81.000 
853,Pedro Martínez,65,F,Ciudad A,853,754,Producto B,9, $24.000 
854,Laura García,42,F,Ciudad A,854,781,Producto B,7, $35.000 
855,Carlos Díaz,58,F,Ciudad A,855,927,Producto C,1, $51.000 
856,Sara Romero,69,M,Ciudad C,856,574,Producto B,6, $30.000 
857,Diego Ramos,31,M,Ciudad C,857,505,Producto A,7, $87.000 
858,Isabela Sánchez,60,F,Ciudad B,858,115,Producto A,7, $97.000 
859,Camila Alonso,21,M,Ciudad A,859,958,Producto B,5, $85.000 
860,Ana Gutiérrez,54,M,Ciudad B,860,917,Producto A,8, $59.000 
861,Lucía Delgado,34,M,Ciudad A,861,40,Producto A,4, $91.000 
862,Miguel Rodríguez,57,F,Ciudad A,862,111,Producto C,3, $43.000 
863,Sara Herrera,41,M,Ciudad A,863,283,Producto A,4, $68.000 
864,José Serrano,24,F,Ciudad B,864,711,Producto B,4, $67.000 
865,David López,43,F,Ciudad B,865,765,Producto B,4, $88.000 
866,Lucía Sánchez,19,F,Ciudad B,866,692,Producto A,9, $61.000 
867,Sofía Romero,44,F,Ciudad B,867,872,Producto B,1, $75.000 
868,José Díaz,37,M,Ciudad C,868,662,Producto A,8, $81.000 
869,Gabriel Vargas,37,F,Ciudad B,869,7,Producto C,5, $45.000 
870,Laura Aguilar,45,F,Ciudad B,870,281,Producto B,6, $44.000 
871,Victoria Ramos,23,M,Ciudad C,871,479,Producto B,4, $99.000 
872,Alejandro Gómez,37,F,Ciudad B,872,937,Producto A,3, $23.000 
873,José Ruiz,67,M,Ciudad C,873,541,Producto A,4, $36.000 
874,Laura Flores,60,F,Ciudad C,874,98,Producto A,7, $28.000 
875,Elena Suárez,56,M,Ciudad A,875,739,Producto A,5, $58.000 
876,Alejandro Fernández,23,F,Ciudad C,876,459,Producto B,1, $21.000 
877,Luis Pérez,51,F,Ciudad B,877,699,Producto B,3, $41.000 
878,María García,69,M,Ciudad B,878,127,Producto A,8, $83.000 
879,Javier Romero,55,M,Ciudad C,879,166,Producto C,5, $51.000 
880,Juan Molina,50,F,Ciudad B,880,220,Producto A,3, $88.000 
881,Pedro Delgado,49,F,Ciudad B,881,938,Producto B,3, $62.000 
882,Carlos Suárez,30,F,Ciudad C,882,629,Producto A,7, $39.000 
883,Alejandro Martínez,23,M,Ciudad C,883,220,Producto C,7, $72.000 
884,Sofía Suárez,28,F,Ciudad C,884,189,Producto C,6, $27.000 
885,Isabela Suárez,34,M,Ciudad C,885,31,Producto B,3, $95.000 
886,Pedro González,21,F,Ciudad C,886,907,Producto B,2, $94.000 
887,Alejandro González,62,M,Ciudad C,887,283,Producto A,7, $91.000 
888,Isabela Díaz,42,M,Ciudad B,888,963,Producto A,9, $84.000 
889,Manuel Serrano,52,F,Ciudad C,889,947,Producto A,3, $59.000 
890,Sara Ruiz,64,F,Ciudad B,890,667,Producto C,2, $82.000 
891,Alejandro Santiago,61,M,Ciudad B,891,787,Producto B,7, $30.000 
892,Sofía Flores,31,M,Ciudad B,892,275,Producto B,4, $44.000 
893,Pedro Gómez,48,F,Ciudad B,893,6,Producto C,8, $17.000 
894,Natalia González,59,F,Ciudad A,894,658,Producto B,5, $84.000 
895,David Gutiérrez,56,F,Ciudad B,895,752,Producto A,8, $53.000 
896,Fernando Flores,51,M,Ciudad A,896,962,Producto C,5, $84.000 
897,María López,33,F,Ciudad C,897,41,Producto C,7, $79.000 
898,José Montero,30,M,Ciudad B,898,566,Producto B,4, $65.000 
899,Diana Fernández,39,F,Ciudad B,899,274,Producto A,5, $47.000 
900,Juan Castro,18,F,Ciudad B,900,792,Producto B,9, $15.000 
901,Lucía Pérez,62,M,Ciudad B,901,666,Producto A,3, $65.000 
902,Carlos Torres,55,F,Ciudad B,902,964,Producto B,3, $56.000 
903,Cristina Ortega,67,F,Ciudad A,903,114,Producto A,9, $28.000 
904,Fernando Herrera,43,M,Ciudad B,904,998,Producto A,5, $40.000 
905,Miguel Suárez,41,M,Ciudad C,905,481,Producto C,1, $45.000 
906,Luis García,53,F,Ciudad B,906,752,Producto A,6, $52.000 
907,Gabriel Morales,21,F,Ciudad A,907,987,Producto A,1, $94.000 
908,Elena Molina,40,F,Ciudad A,908,901,Producto A,9, $86.000 
909,Ana Pérez,51,M,Ciudad B,909,949,Producto B,5, $66.000 
910,David Pérez,40,F,Ciudad A,910,466,Producto A,8, $89.000 
911,Daniel Santiago,64,F,Ciudad A,911,412,Producto B,4, $52.000 
912,José Flores,54,F,Ciudad A,912,269,Producto A,7, $49.000 
913,Ana Suárez,36,F,Ciudad A,913,500,Producto A,3, $95.000 
914,Pedro Castro,36,M,Ciudad C,914,41,Producto B,3, $19.000 
915,Miguel Díaz,43,F,Ciudad B,915,799,Producto A,8, $22.000 
916,Gabriel Serrano,22,M,Ciudad A,916,753,Producto A,6, $41.000 
917,Daniel Pérez,64,M,Ciudad A,917,570,Producto C,5, $94.000 
918,Diego Castro,68,F,Ciudad B,918,867,Producto B,8, $57.000 
919,María Rodríguez,29,F,Ciudad B,919,871,Producto A,4, $96.000 
920,Paula González,63,F,Ciudad B,920,4,Producto C,5, $89.000 
921,Paula Montero,52,F,Ciudad C,921,751,Producto C,4, $34.000 
922,José Morales,35,M,Ciudad B,922,920,Producto B,6, $82.000 
923,Daniel Ramos,57,M,Ciudad B,923,454,Producto C,1, $23.000 
924,Miguel Vargas,54,F,Ciudad C,924,1,Producto C,5, $83.000 
925,Elena Santiago,36,F,Ciudad B,925,768,Producto B,1, $47.000 
926,José Sánchez,23,M,Ciudad B,926,689,Producto B,9, $73.000 
927,Natalia Herrera,50,M,Ciudad B,927,90,Producto B,8, $88.000 
928,Andrea Ruiz,29,M,Ciudad C,928,157,Producto B,2, $34.000 
929,Cristina Torres,61,M,Ciudad B,929,85,Producto C,4, $87.000 
930,José Molina,19,F,Ciudad B,930,486,Producto A,9, $72.000 
931,Paula Sánchez,27,F,Ciudad A,931,945,Producto B,9, $68.000 
932,Paula Santiago,47,M,Ciudad B,932,342,Producto C,2, $26.000 
933,Valentina López,34,M,Ciudad C,933,629,Producto A,6, $46.000 
934,Camila Romero,19,F,Ciudad B,934,668,Producto A,5, $27.000 
935,Valentina Torres,67,M,Ciudad B,935,989,Producto B,9, $20.000 
936,Isabela Montero,52,M,Ciudad A,936,527,Producto B,6, $52.000 
937,Miguel López,24,M,Ciudad A,937,770,Producto C,7, $31.000 
938,Diana Jiménez,46,M,Ciudad C,938,305,Producto B,3, $67.000 
939,Luis Aguilar,31,M,Ciudad C,939,842,Producto B,9, $72.000 
940,Luis Molina,38,M,Ciudad C,940,646,Producto B,6, $57.000 
941,Isabela Alonso,50,M,Ciudad C,941,436,Producto B,4, $25.000 
942,José González,52,F,Ciudad B,942,171,Producto A,3, $86.000 
943,Miguel Santiago,26,F,Ciudad C,943,97,Producto C,1, $30.000 
944,María Santiago,62,F,Ciudad A,944,706,Producto C,6, $28.000 
945,Miguel Ruiz,46,M,Ciudad B,945,629,Producto C,5, $71.000 
946,Luis González,28,F,Ciudad A,946,851,Producto C,3, $73.000 
947,Fernando Sánchez,53,F,Ciudad B,947,248,Producto C,9, $30.000 
948,Miguel Gómez,25,F,Ciudad A,948,852,Producto A,3, $12.000 
949,David Vargas,59,F,Ciudad A,949,521,Producto B,1, $71.000 
950,Miguel Gutiérrez,37,F,Ciudad B,950,387,Producto B,1, $68.000 
951,Laura Romero,63,M,Ciudad C,951,384,Producto A,7, $59.000 
952,Sara Molina,56,M,Ciudad A,952,396,Producto A,9, $10.000 
953,Andrea Herrera,34,F,Ciudad C,953,639,Producto A,4, $33.000 
954,Ana López,62,M,Ciudad C,954,704,Producto B,8, $14.000 
955,Isabela Jiménez,36,M,Ciudad C,955,145,Producto C,5, $85.000 
956,Natalia Ruiz,27,M,Ciudad C,956,471,Producto A,6, $94.000 
957,David Morales,37,F,Ciudad C,957,619,Producto B,4, $58.000 
958,Juan Gómez,35,M,Ciudad B,958,300,Producto B,8, $16.000 
959,Valentina Suárez,41,M,Ciudad B,959,441,Producto C,1, $80.000 
960,Diana Molina,24,F,Ciudad C,960,653,Producto C,9, $81.000 
961,Juan Flores,45,F,Ciudad C,961,875,Producto B,2, $38.000 
962,Laura Ramos,24,M,Ciudad C,962,622,Producto C,6, $19.000 
963,Sofía Ruiz,31,F,Ciudad C,963,108,Producto A,1, $29.000 
964,Laura Suárez,38,F,Ciudad B,964,761,Producto B,5, $33.000 
965,Valentina Martínez,69,F,Ciudad C,965,516,Producto B,4, $83.000 
966,Valentina Ruiz,46,M,Ciudad B,966,160,Producto B,6, $73.000 
967,Victoria González,56,M,Ciudad A,967,614,Producto C,2, $61.000 
968,Andrea Jiménez,67,F,Ciudad A,968,765,Producto A,9, $63.000 
969,Valentina Serrano,38,M,Ciudad A,969,761,Producto A,9, $45.000 
970,Lucía Alonso,62,F,Ciudad B,970,23,Producto C,9, $93.000 
971,Javier Jiménez,62,M,Ciudad A,971,646,Producto C,6, $34.000 
972,Fernando García,38,F,Ciudad C,972,830,Producto B,6, $70.000 
973,Javier Rodríguez,38,F,Ciudad C,973,677,Producto C,6, $36.000 
974,Andrea Torres,26,M,Ciudad B,974,64,Producto B,7, $47.000 
975,Fernando Suárez,22,F,Ciudad C,975,660,Producto C,1, $93.000 
976,Gabriel Ramos,64,F,Ciudad C,976,280,Producto C,4, $70.000 
977,Elena Rodríguez,36,M,Ciudad B,977,154,Producto C,5, $92.000 
978,Fernando Ramos,29,M,Ciudad A,978,448,Producto A,2, $13.000 
979,Fernando Torres,20,M,Ciudad A,979,912,Producto B,5, $87.000 
980,Lucía Gutiérrez,44,F,Ciudad A,980,634,Producto C,1, $57.000 
981,Camila Pérez,56,M,Ciudad C,981,92,Producto C,2, $62.000 
982,Sofía Fernández,62,F,Ciudad C,982,969,Producto C,1, $90.000 
983,Victoria García,69,F,Ciudad A,983,46,Producto B,1, $83.000 
984,Daniel Gómez,20,M,Ciudad C,984,526,Producto C,8, $13.000 
985,Cristina González,41,F,Ciudad A,985,548,Producto C,3, $53.000 
986,Camila Díaz,68,F,Ciudad A,986,315,Producto B,5, $25.000 
987,Diana Torres,62,F,Ciudad C,987,609,Producto A,7, $15.000 
988,Manuel Pérez,33,M,Ciudad B,988,559,Producto B,4, $71.000 
989,Diego Montero,38,F,Ciudad A,989,348,Producto A,4, $47.000 
990,Valentina Morales,29,M,Ciudad A,990,15,Producto A,1, $81.000 
991,David Aguilar,41,F,Ciudad C,991,165,Producto A,6, $14.000 
992,Alejandro Díaz,29,M,Ciudad B,992,944,Producto C,4, $29.000 
993,David Ramos,18,F,Ciudad C,993,457,Producto A,6, $67.000 
994,David García,62,M,Ciudad B,994,404,Producto C,4, $19.000 
995,Ana Jiménez,21,F,Ciudad B,995,551,Producto B,2, $12.000 
996,Miguel Delgado,53,M,Ciudad B,996,610,Producto C,4, $83.000 
997,Alejandro Gutiérrez,23,M,Ciudad B,997,864,Producto C,2, $33.000 
998,Diego Romero,36,M,Ciudad B,998,447,Producto B,2, $18.000 
999,Isabela Morales,48,F,Ciudad A,999,161,Producto A,8, $36.000 
1000,José Vargas,19,M,Ciudad B,1000,984,Producto A,9, $46.000 
